{
  "project_info": {
    "project_number": "555329943308",
    "firebase_url": "https://durja-cd808.firebaseio.com",
    "project_id": "durja-cd808",
    "storage_bucket": "durja-cd808.appspot.com"
  },
  "client": [
    {
      "client_info": {
        "mobilesdk_app_id": "1:555329943308:android:d2bb5e9daa609032",
        "android_client_info": {
          "package_name": "com.example.lenovo.durja"
        }
      },
      "oauth_client": [
        {
          "client_id": "555329943308-l8hq5diq4sffd5knof5dts887jb0vsk6.apps.googleusercontent.com",
          "client_type": 1,
          "android_info": {
            "package_name": "com.example.lenovo.durja",
            "certificate_hash": "5303ea06b8fc0fa6509434ed179191bdb0550895"
          }
        },
        {
          "client_id": "555329943308-k9g4f4hhg6d59pftkv64gtr39g6uf8b1.apps.googleusercontent.com",
          "client_type": 3
        }
      ],
      "api_key": [
        {
          "current_key": "AIzaSyB3ExrctPxd1eeHXELaToyYO1Up1htY8Io"
        }
      ],
      "services": {
        "analytics_service": {
          "status": 1
        },
        "appinvite_service": {
          "status": 2,
          "other_platform_oauth_client": [
            {
              "client_id": "555329943308-k9g4f4hhg6d59pftkv64gtr39g6uf8b1.apps.googleusercontent.com",
              "client_type": 3
            }
          ]
        },
        "ads_service": {
          "status": 2
        }
      }
    }
  ],
  "configuration_version": "1"
}